Time, CA-V, CB-V 
0.006, 0.082, 0.001  
0.011, 0.081, 0.001  
0.057, 0.081, 0.001  
0.064, 0.080, 0.001  
0.068, 0.080, 0.001  
0.111, 0.080, 0.001  
0.116, 0.080, 0.001  
0.164, 0.079, 0.001  
0.169, 0.079, 0.001  
0.174, 0.079, 0.001  
0.215, 0.079, 0.001  
0.219, 0.079, 0.001  
0.275, 0.078, 0.001  
0.280, 0.078, 0.001  
0.285, 0.078, 0.001  
0.335, 0.078, 0.001  
0.340, 0.078, 0.001  
0.368, 0.077, 0.001  
0.373, 0.077, 0.001  
0.378, 0.077, 0.001  
0.420, 0.077, 0.001  
0.424, 0.077, 0.001  
0.429, 0.077, 0.001  
0.473, 0.076, 0.001  
0.478, 0.076, 0.001  
0.520, 0.076, 0.001  
0.525, 0.076, 0.001  
0.531, 0.076, 0.001  
0.571, 0.076, 0.001  
0.579, 0.076, 0.001  
0.622, 0.075, 0.001  
0.636, 0.075, 0.001  
0.657, 0.075, 0.001  
0.668, 0.075, 0.001  
0.674, 0.075, 0.001  
0.724, 0.075, 0.001  
0.729, 0.075, 0.001  
0.733, 0.074, 0.001  
0.778, 0.074, 0.001  
0.784, 0.074, 0.001  
0.826, 0.074, 0.001  
0.833, 0.074, 0.001  
0.838, 0.074, 0.001  
0.881, 0.073, 0.001  
0.886, 0.073, 0.001  
0.891, 0.073, 0.001  
0.932, 0.073, 0.001  
0.936, 0.073, 0.001  
0.986, 0.073, 0.001  
0.992, 0.073, 0.001  
0.998, 0.073, 0.001  
1.035, 0.072, 0.001  
1.039, 0.072, 0.001  
1.084, 0.072, 0.001  
1.089, 0.072, 0.001  
1.094, 0.072, 0.001  
1.136, 0.072, 0.001  
1.141, 0.072, 0.001  
1.186, 0.071, 0.001  
1.191, 0.071, 0.001  
1.195, 0.071, 0.001  
1.238, 0.071, 0.001  
1.242, 0.071, 0.001  
1.249, 0.071, 0.001  
1.287, 0.071, 0.001  
1.300, 0.070, 0.001  
1.338, 0.070, 0.001  
1.343, 0.070, 0.001  
1.347, 0.070, 0.001  
1.390, 0.070, 0.001  
1.397, 0.070, 0.001  
1.441, 0.070, 0.001  
1.448, 0.070, 0.001  
1.454, 0.069, 0.001  
1.494, 0.069, 0.001  
1.499, 0.069, 0.001  
1.545, 0.069, 0.001  
1.551, 0.069, 0.001  
1.556, 0.069, 0.001  
1.593, 0.069, 0.001  
1.600, 0.069, 0.001  
1.653, 0.068, 0.001  
1.657, 0.068, 0.001  
1.664, 0.068, 0.001  
1.701, 0.068, 0.001  
1.706, 0.068, 0.001  
1.711, 0.068, 0.001  
1.753, 0.068, 0.001  
1.757, 0.068, 0.001  
1.798, 0.067, 0.001  
1.802, 0.067, 0.001  
1.808, 0.067, 0.001  
1.852, 0.067, 0.001  
1.856, 0.067, 0.001  
1.901, 0.067, 0.001  
1.908, 0.067, 0.001  
1.913, 0.067, 0.001  
1.957, 0.066, 0.001  
1.968, 0.066, 0.001  
2.006, 0.066, 0.001  
2.011, 0.066, 0.001  
2.017, 0.066, 0.001  
2.055, 0.066, 0.001  
2.060, 0.066, 0.001  
2.105, 0.066, 0.001  
2.111, 0.065, 0.001  
2.116, 0.065, 0.001  
2.157, 0.065, 0.001  
2.163, 0.065, 0.001  
2.169, 0.065, 0.001  
2.212, 0.065, 0.001  
2.216, 0.065, 0.001  
2.263, 0.065, 0.001  
2.269, 0.065, 0.001  
2.275, 0.064, 0.001  
2.321, 0.064, 0.001  
2.326, 0.064, 0.001  
2.364, 0.064, 0.001  
2.372, 0.064, 0.001  
2.378, 0.064, 0.001  
2.416, 0.064, 0.001  
2.420, 0.064, 0.001  
2.466, 0.063, 0.001  
2.470, 0.063, 0.001  
2.474, 0.063, 0.001  
2.519, 1.201, 0.014  
2.538, 4.985, 0.001  
2.767, 4.986, 0.001  
2.771, 4.986, 0.001  
2.775, 4.986, 0.001  
2.780, 4.986, 0.001  
2.792, 4.986, 0.001  
2.797, 4.986, 0.001  
2.803, 4.986, 0.001  
2.807, 4.986, 0.001  
2.812, 4.986, 0.001  
2.890, 4.986, 0.001  
2.933, 4.986, 0.001  
2.937, 4.986, 0.001  
2.944, 4.986, 0.001  
2.949, 4.985, 0.001  
2.964, 4.986, 0.001  
2.968, 4.986, 0.001  
2.972, 4.986, 0.001  
2.982, 4.986, 0.001  
3.015, 4.986, 0.001  
3.020, 4.986, 0.001  
3.028, 4.986, 0.001  
3.044, 4.986, 0.001  
3.080, 4.986, 0.001  
3.086, 4.986, 0.001  
3.091, 4.986, 0.001  
3.139, 4.986, 0.001  
3.145, 4.986, 0.001  
3.185, 4.986, 0.001  
3.191, 4.986, 0.001  
3.195, 4.986, 0.001  
3.236, 4.986, 0.001  
3.240, 4.986, 0.001  
3.244, 4.986, 0.001  
3.291, 4.986, 0.001  
3.306, 4.986, 0.001  
3.338, 4.986, 0.001  
3.345, 4.986, 0.001  
3.349, 4.986, 0.001  
3.386, 4.986, 0.001  
3.394, 4.986, 0.001  
3.438, 4.986, 0.001  
3.443, 4.986, 0.001  
3.447, 4.986, 0.001  
3.493, 4.986, 0.001  
3.499, 4.986, 0.001  
3.540, 4.986, 0.001  
3.545, 4.986, 0.001  
3.549, 4.986, 0.001  
3.590, 4.986, 0.001  
3.596, 4.986, 0.001  
3.652, 4.986, 0.001  
3.656, 4.986, 0.001  
3.662, 4.986, 0.001  
3.700, 4.986, 0.001  
3.705, 4.986, 0.001  
3.710, 4.986, 0.001  
3.747, 4.986, 0.001  
3.752, 4.986, 0.001  
3.799, 4.986, 0.001  
3.803, 4.986, 0.001  
3.808, 4.986, 0.001  
3.850, 4.986, 0.001  
3.854, 4.986, 0.001  
3.899, 4.986, 0.001  
3.904, 4.986, 0.001  
3.909, 4.986, 0.001  
3.953, 4.986, 0.001  
3.958, 4.986, 0.001  
4.005, 4.986, 0.001  
4.010, 4.986, 0.001  
4.014, 4.986, 0.001  
4.055, 4.986, 0.001  
4.060, 4.986, 0.001  
4.066, 4.986, 0.001  
4.104, 4.986, 0.001  
4.109, 4.986, 0.001  
4.153, 4.986, 0.001  
4.158, 4.986, 0.001  
4.164, 4.986, 0.001  
4.210, 4.986, 0.001  
4.215, 4.986, 0.001  
4.262, 4.986, 0.001  
4.267, 4.986, 0.001  
4.272, 4.986, 0.001  
4.318, 4.986, 0.001  
4.324, 4.986, 0.001  
4.368, 4.986, 0.001  
4.373, 4.986, 0.001  
4.378, 4.986, 0.001  
4.412, 4.986, 0.001  
4.416, 4.986, 0.001  
4.465, 4.986, 0.001  
4.469, 4.986, 0.001  
4.477, 4.986, 0.001  
4.518, 4.986, 0.001  
4.522, 4.986, 0.001  
4.528, 4.986, 0.001  
4.581, 4.986, 0.001  
4.585, 4.986, 0.001  
4.635, 4.986, 0.001  
4.644, 4.986, 0.001  
4.651, 4.986, 0.001  
4.665, 4.986, 0.001  
4.669, 4.986, 0.001  
4.720, 4.986, 0.001  
4.726, 4.986, 0.001  
4.730, 4.986, 0.001  
4.771, 4.986, 0.001  
4.776, 4.986, 0.001  
4.823, 4.986, 0.001  
4.828, 4.986, 0.001  
4.835, 4.986, 0.001  
4.872, 4.986, 0.001  
4.878, 4.986, 0.001  
4.921, 4.986, 0.001  
4.927, 4.986, 0.001  
4.931, 4.986, 0.001  
4.984, 4.986, 0.001  
4.989, 4.986, 0.001  
4.995, 4.986, 0.001  
5.027, 4.986, 0.001  
5.031, 4.986, 0.001  
5.080, 4.986, 0.001  
5.084, 4.986, 0.001  
5.092, 4.986, 0.001  
5.129, 4.986, 0.001  
5.135, 4.986, 0.001  
5.187, 4.986, 0.001  
5.192, 4.986, 0.001  
5.197, 4.986, 0.001  
5.233, 4.986, 0.001  
5.237, 4.986, 0.001  
5.282, 4.986, 0.001  
5.286, 4.986, 0.001  
5.291, 4.986, 0.001  
5.336, 4.986, 0.001  
5.340, 4.986, 0.001  
5.347, 4.986, 0.001  
5.384, 4.986, 0.001  
5.388, 4.986, 0.001  
5.435, 4.986, 0.001  
5.442, 4.986, 0.001  
5.447, 4.986, 0.001  
5.491, 4.986, 0.001  
5.495, 4.986, 0.001  
5.539, 4.986, 0.001  
5.543, 4.986, 0.001  
5.547, 4.986, 0.001  
5.589, 4.986, 0.001  
5.594, 4.986, 0.001  
5.651, 4.986, 0.001  
5.657, 4.986, 0.001  
5.663, 4.986, 0.001  
5.693, 4.986, 0.001  
5.699, 4.986, 0.001  
5.743, 4.986, 0.001  
5.749, 4.986, 0.001  
5.753, 4.986, 0.001  
5.796, 4.986, 0.001  
5.800, 4.986, 0.001  
5.804, 4.986, 0.001  
5.846, 4.986, 0.001  
5.850, 4.986, 0.001  
5.897, 4.986, 0.001  
5.901, 4.986, 0.001  
5.907, 4.986, 0.001  
5.949, 4.986, 0.001  
5.955, 4.986, 0.001  
6.004, 4.986, 0.001  
6.009, 4.986, 0.001  
6.014, 4.986, 0.001  
6.051, 4.986, 0.001  
6.055, 4.986, 0.001  
6.101, 4.986, 0.001  
6.105, 4.986, 0.001  
6.111, 4.986, 0.001  
6.151, 4.986, 0.001  
6.157, 4.986, 0.001  
6.202, 4.986, 0.001  
6.211, 4.986, 0.001  
6.214, 4.986, 0.001  
6.255, 4.986, 0.001  
6.260, 4.986, 0.001  
6.264, 4.986, 0.001  
6.314, 4.986, 0.001  
6.320, 4.986, 0.001  
6.360, 4.986, 0.001  
6.365, 4.986, 0.001  
6.371, 4.986, 0.001  
6.408, 4.986, 0.001  
6.413, 4.986, 0.001  
6.460, 4.986, 0.001  
6.464, 4.986, 0.001  
6.468, 4.986, 0.001  
6.514, 4.986, 0.001  
6.519, 4.986, 0.001  
6.564, 4.986, 0.001  
6.568, 4.986, 0.001  
6.572, 4.986, 0.001  
6.614, 4.986, 0.001  
6.618, 4.986, 0.001  
6.623, 4.986, 0.001  
6.664, 4.986, 0.001  
6.669, 4.986, 0.001  
6.716, 4.986, 0.001  
6.723, 4.986, 0.001  
6.728, 4.986, 0.001  
6.770, 4.986, 0.001  
6.776, 4.986, 0.001  
6.818, 4.986, 0.001  
6.822, 4.986, 0.001  
6.828, 4.986, 0.001  
6.871, 4.986, 0.001  
6.879, 4.986, 0.001  
6.918, 4.986, 0.001  
6.923, 4.986, 0.001  
6.928, 4.986, 0.001  
6.982, 4.986, 0.001  
6.987, 4.986, 0.001  
7.029, 4.986, 0.001  
7.035, 4.986, 0.001  
7.040, 4.986, 0.001  
7.077, 4.986, 0.001  
7.082, 4.986, 0.001  
7.088, 4.986, 0.001  
7.127, 4.986, 0.001  
7.132, 4.986, 0.001  
7.177, 4.986, 0.001  
7.183, 4.986, 0.001  
7.188, 4.986, 0.001  
7.229, 4.986, 0.001  
7.235, 4.986, 0.001  
7.281, 4.986, 0.001  
7.286, 4.986, 0.001  
7.290, 4.986, 0.001  
7.335, 4.986, 0.001  
7.339, 4.986, 0.001  
7.381, 4.986, 0.001  
7.386, 4.986, 0.001  
7.392, 4.986, 0.001  
7.433, 4.986, 0.001  
7.438, 4.986, 0.001  
7.483, 4.986, 0.001  
7.489, 4.986, 0.001  
7.493, 4.986, 0.001  
7.534, 4.986, 0.001  
7.539, 4.986, 0.001  
7.544, 4.986, 0.001  
7.586, 4.986, 0.001  
7.590, 4.986, 0.001  
7.638, 4.986, 0.001  
7.644, 4.986, 0.001  
7.650, 4.986, 0.001  
7.692, 4.986, 0.001  
7.698, 4.986, 0.001  
7.739, 4.986, 0.001  
7.744, 4.986, 0.001  
7.749, 4.986, 0.001  
7.789, 4.986, 0.001  
7.797, 4.986, 0.001  
7.843, 4.986, 0.001  
7.848, 4.986, 0.001  
7.852, 4.986, 0.001  
7.893, 4.986, 0.001  
7.898, 4.986, 0.001  
7.902, 4.986, 0.001  
7.968, 4.986, 0.001  
7.973, 4.986, 0.001  
7.997, 4.986, 0.001  
8.002, 4.986, 0.001  
8.007, 4.986, 0.001  
8.045, 4.986, 0.001  
8.052, 4.986, 0.001  
8.098, 4.986, 0.001  
8.102, 4.986, 0.001  
8.106, 4.986, 0.001  
8.151, 4.986, 0.001  
8.157, 4.986, 0.001  
8.200, 4.986, 0.001  
8.205, 4.986, 0.001  
8.212, 4.986, 0.001  
8.253, 4.986, 0.001  
8.259, 4.986, 0.001  
8.306, 4.986, 0.001  
8.312, 4.986, 0.001  
8.316, 4.986, 0.001  
8.355, 4.986, 0.001  
8.362, 4.986, 0.001  
8.367, 4.986, 0.001  
8.404, 4.986, 0.001  
8.409, 4.986, 0.001  
8.456, 4.986, 0.001  
8.461, 4.986, 0.001  
8.466, 4.986, 0.001  
8.506, 4.986, 0.001  
8.513, 4.986, 0.001  
8.559, 4.986, 0.001  
8.565, 4.986, 0.001  
8.569, 4.986, 0.001  
8.622, 4.986, 0.001  
8.632, 4.986, 0.001  
8.664, 4.986, 0.001  
8.669, 4.986, 0.001  
8.676, 4.986, 0.001  
8.712, 4.986, 0.001  
8.716, 4.986, 0.001  
8.763, 4.986, 0.001  
8.769, 4.986, 0.001  
8.773, 4.986, 0.001  
8.814, 4.986, 0.001  
8.821, 4.986, 0.001  
8.826, 4.986, 0.001  
8.866, 4.986, 0.001  
8.870, 4.986, 0.001  
8.915, 4.986, 0.001  
8.920, 4.986, 0.001  
8.924, 4.986, 0.001  
8.971, 4.986, 0.001  
8.979, 4.986, 0.001  
9.020, 4.986, 0.001  
9.026, 4.986, 0.001  
9.030, 4.986, 0.001  
9.073, 4.986, 0.001  
9.077, 4.986, 0.001  
9.122, 4.986, 0.001  
9.128, 4.986, 0.001  
9.132, 4.986, 0.001  
9.171, 4.986, 0.001  
9.177, 4.986, 0.001  
9.182, 4.986, 0.001  
9.225, 4.986, 0.001  
9.229, 4.986, 0.001  
9.284, 4.986, 0.001  
9.296, 4.986, 0.001  
9.303, 4.986, 0.001  
9.325, 4.983, 0.001  
9.333, 4.963, 0.001  
9.381, 4.940, 0.001  
9.386, 4.917, 0.001  
9.391, 4.895, 0.001  
9.430, 4.873, 0.001  
9.435, 4.851, 0.001  
9.495, 4.829, 0.001  
9.499, 4.808, 0.001  
9.505, 4.786, 0.001  
9.530, 4.765, 0.001  
9.536, 4.745, 0.001  
9.584, 4.724, 0.001  
9.588, 4.704, 0.001  
9.593, 4.683, 0.001  
9.635, 4.663, 0.001  
9.640, 4.643, 0.001  
9.646, 4.623, 0.001  
9.686, 4.603, 0.001  
9.695, 4.584, 0.001  
9.741, 4.564, 0.001  
9.747, 4.545, 0.001  
9.753, 4.526, 0.001  
9.788, 4.507, 0.001  
9.794, 4.488, 0.001  
9.840, 4.469, 0.001  
9.846, 4.451, 0.001  
9.850, 4.432, 0.001  
9.893, 4.414, 0.001  
9.897, 4.396, 0.001  
9.950, 4.377, 0.001  
9.960, 4.359, 0.001  
9.967, 4.342, 0.001  
9.991, 4.324, 0.001  
9.996, 4.306, 0.001  
10.042, 4.289, 0.001  
10.048, 4.271, 0.001  
10.053, 4.254, 0.001  
10.094, 4.237, 0.001  
10.100, 4.220, 0.001  
10.104, 4.203, 0.001  
10.148, 4.186, 0.001  
10.152, 4.169, 0.001  
10.199, 4.152, 0.001  
10.203, 4.135, 0.001  
10.214, 4.119, 0.001  
10.246, 4.103, 0.001  
10.252, 4.086, 0.001  
10.300, 4.070, 0.001  
10.308, 4.054, 0.001  
10.313, 4.038, 0.001  
10.351, 4.022, 0.001  
10.357, 4.007, 0.001  
10.404, 3.991, 0.001  
10.410, 3.976, 0.001  
10.416, 3.960, 0.001  
10.452, 3.945, 0.001  
10.458, 3.929, 0.001  
10.463, 3.914, 0.001  
10.504, 3.899, 0.001  
10.510, 3.884, 0.001  
10.556, 3.869, 0.001  
10.561, 3.854, 0.001  
10.566, 3.840, 0.001  
10.617, 3.825, 0.001  
10.623, 3.810, 0.001  
10.659, 3.796, 0.001  
10.664, 3.781, 0.001  
10.669, 3.767, 0.001  
10.710, 3.753, 0.001  
10.714, 3.739, 0.001  
10.761, 3.725, 0.001  
10.766, 3.711, 0.001  
10.772, 3.697, 0.001  
10.812, 3.683, 0.001  
10.817, 3.670, 0.001  
10.863, 3.656, 0.001  
10.868, 3.643, 0.001  
10.874, 3.630, 0.001  
10.915, 3.616, 0.001  
10.920, 3.603, 0.001  
10.925, 3.590, 0.001  
10.971, 3.577, 0.001  
10.977, 3.564, 0.001  
11.017, 3.551, 0.001  
11.023, 3.539, 0.001  
11.030, 3.526, 0.001  
11.067, 3.514, 0.001  
11.072, 3.501, 0.001  
11.121, 3.489, 0.001  
11.127, 3.477, 0.001  
11.131, 3.464, 0.001  
11.170, 3.452, 0.001  
11.176, 3.440, 0.001  
11.221, 3.428, 0.001  
11.225, 3.416, 0.001  
11.231, 3.404, 0.001  
11.274, 3.393, 0.001  
11.289, 3.381, 0.001  
11.316, 3.369, 0.001  
11.320, 3.358, 0.001  
11.335, 3.346, 0.001  
11.372, 3.335, 0.001  
11.380, 3.324, 0.001  
11.384, 3.312, 0.001  
11.427, 3.301, 0.001  
11.432, 3.290, 0.001  
11.476, 3.279, 0.001  
11.483, 3.268, 0.001  
11.487, 3.257, 0.001  
11.530, 3.246, 0.001  
11.537, 3.236, 0.001  
11.581, 3.225, 0.001  
11.586, 3.214, 0.001  
11.591, 3.204, 0.001  
11.636, 3.194, 0.001  
11.641, 3.183, 0.001  
11.681, 3.173, 0.001  
11.687, 3.163, 0.001  
11.692, 3.152, 0.001  
11.732, 3.142, 0.001  
11.737, 3.132, 0.001  
11.742, 3.122, 0.001  
11.784, 3.112, 0.001  
11.788, 3.102, 0.001  
11.836, 3.092, 0.001  
11.843, 3.083, 0.001  
11.847, 3.073, 0.001  
11.890, 3.063, 0.001  
11.895, 3.054, 0.001  
11.950, 3.044, 0.001  
11.962, 3.035, 0.001  
11.967, 3.025, 0.001  
11.989, 3.016, 0.001  
11.995, 3.007, 0.001  
12.044, 2.997, 0.001  
12.050, 2.988, 0.001  
12.054, 2.979, 0.001  
12.092, 2.970, 0.001  
12.099, 2.961, 0.001  
12.146, 2.952, 0.001  
12.150, 2.943, 0.001  
12.154, 2.934, 0.001  
12.195, 2.925, 0.001  
12.200, 2.917, 0.001  
12.205, 2.908, 0.001  
12.243, 2.899, 0.001  
12.248, 2.891, 0.001  
12.299, 2.882, 0.001  
12.306, 2.873, 0.001  
12.311, 2.865, 0.001  
12.348, 2.857, 0.001  
12.355, 2.848, 0.001  
12.399, 2.840, 0.001  
12.404, 2.832, 0.001  
12.409, 2.823, 0.001  
12.450, 2.815, 0.001  
12.456, 2.807, 0.001  
12.502, 2.799, 0.001  
12.507, 2.791, 0.001  
12.513, 2.783, 0.001  
12.552, 2.775, 0.001  
12.558, 2.767, 0.001  
12.603, 2.759, 0.001  
12.615, 2.752, 0.001  
12.621, 2.744, 0.001  
12.648, 2.736, 0.001  
12.652, 2.729, 0.001  
12.666, 2.721, 0.001  
12.702, 2.713, 0.001  
12.708, 2.706, 0.001  
12.757, 2.698, 0.001  
12.762, 2.691, 0.001  
12.767, 2.683, 0.001  
12.807, 2.676, 0.001  
12.812, 2.669, 0.001  
12.859, 2.662, 0.001  
12.865, 2.654, 0.001  
12.869, 2.647, 0.001  
12.913, 2.640, 0.001  
12.917, 2.633, 0.001  
12.967, 2.626, 0.001  
12.972, 2.619, 0.001  
12.978, 2.612, 0.001  
13.023, 2.605, 0.001  
13.034, 2.598, 0.001  
13.039, 2.591, 0.001  
13.066, 2.584, 0.001  
13.073, 2.577, 0.001  
13.117, 2.570, 0.001  
13.124, 2.563, 0.001  
13.129, 2.557, 0.001  
13.168, 2.550, 0.001  
13.174, 2.543, 0.001  
13.221, 2.537, 0.001  
13.225, 2.530, 0.001  
13.231, 2.524, 0.001  
13.271, 2.517, 0.001  
13.285, 2.511, 0.001  
13.321, 2.504, 0.001  
13.327, 2.498, 0.001  
13.332, 2.491, 0.001  
13.371, 2.485, 0.001  
13.376, 2.479, 0.001  
13.425, 2.473, 0.001  
13.431, 2.466, 0.001  
13.435, 2.460, 0.001  
13.475, 2.454, 0.001  
13.480, 2.448, 0.001  
13.484, 2.442, 0.001  
13.526, 2.436, 0.001  
13.530, 2.430, 0.001  
13.576, 2.424, 0.001  
13.581, 2.418, 0.001  
13.587, 2.412, 0.001  
13.635, 2.406, 0.001  
13.640, 2.400, 0.001  
13.679, 2.394, 0.001  
13.683, 2.388, 0.001  
13.688, 2.383, 0.001  
13.731, 2.377, 0.001  
13.736, 2.371, 0.001  
13.780, 2.365, 0.001  
13.785, 2.360, 0.001  
13.789, 2.354, 0.001  
13.832, 2.348, 0.001  
13.837, 2.343, 0.001  
13.881, 2.337, 0.001  
13.887, 2.331, 0.001  
13.892, 2.326, 0.001  
13.935, 2.320, 0.001  
13.946, 2.315, 0.001  
13.969, 2.309, 0.001  
13.979, 2.304, 0.001  
13.984, 2.298, 0.001  
14.038, 2.293, 0.001  
14.043, 2.288, 0.001  
14.049, 2.282, 0.001  
14.087, 2.277, 0.001  
14.096, 2.272, 0.001  
14.139, 2.266, 0.001  
14.146, 2.261, 0.001  
14.150, 2.256, 0.001  
14.193, 2.251, 0.001  
14.197, 2.246, 0.001  
14.244, 2.240, 0.001  
14.249, 2.235, 0.001  
14.254, 2.230, 0.001  
14.300, 2.225, 0.001  
14.306, 2.220, 0.001  
14.314, 2.215, 0.001  
14.344, 2.210, 0.001  
14.349, 2.205, 0.001  
14.396, 2.200, 0.001  
14.401, 2.195, 0.001  
14.406, 2.190, 0.001  
14.450, 2.185, 0.001  
14.455, 2.180, 0.001  
14.500, 2.175, 0.001  
14.505, 2.170, 0.001  
14.510, 2.165, 0.001  
14.550, 2.161, 0.001  
14.554, 2.156, 0.001  
14.600, 2.151, 0.001  
14.605, 2.146, 0.001  
14.619, 2.141, 0.001  
14.645, 2.137, 0.001  
14.649, 2.132, 0.001  
14.707, 2.127, 0.001  
14.711, 2.122, 0.001  
14.715, 2.118, 0.001  
14.754, 2.113, 0.001  
14.760, 2.108, 0.001  
14.764, 2.104, 0.001  
14.807, 2.099, 0.001  
14.812, 2.095, 0.001  
14.857, 2.090, 0.001  
14.862, 2.085, 0.001  
14.868, 2.081, 0.001  
14.909, 2.076, 0.001  
14.914, 2.072, 0.001  
14.967, 2.067, 0.001  
14.972, 2.063, 0.001  
14.979, 2.058, 0.001  
15.011, 2.054, 0.001  
15.015, 2.049, 0.001  
15.061, 2.045, 0.001  
15.067, 2.041, 0.001  
15.071, 2.036, 0.001  
15.114, 2.032, 0.001  
15.119, 2.027, 0.001  
15.162, 2.023, 0.001  
15.167, 2.019, 0.001  
15.172, 2.014, 0.001  
15.217, 2.010, 0.001  
15.222, 2.006, 0.001  
15.227, 2.001, 0.001  
15.269, 1.997, 0.001  
15.281, 1.993, 0.001  
15.317, 1.988, 0.001  
15.322, 1.984, 0.001  
15.327, 1.980, 0.001  
15.370, 1.976, 0.001  
15.376, 1.971, 0.001  
15.428, 1.967, 0.001  
15.432, 1.963, 0.001  
15.436, 1.959, 0.001  
15.474, 1.955, 0.001  
15.478, 1.951, 0.001  
15.521, 1.946, 0.001  
15.526, 1.942, 0.001  
15.530, 1.938, 0.001  
15.574, 1.934, 0.001  
15.579, 1.930, 0.001  
15.584, 1.926, 0.001  
15.632, 1.922, 0.001  
15.637, 1.918, 0.001  
15.677, 1.914, 0.001  
15.682, 1.909, 0.001  
15.687, 1.905, 0.001  
15.727, 1.901, 0.001  
15.733, 1.897, 0.001  
15.778, 1.893, 0.001  
15.783, 1.889, 0.001  
15.787, 1.885, 0.001  
15.831, 1.881, 0.001  
15.837, 1.877, 0.001  
15.880, 1.873, 0.001  
15.885, 1.869, 0.001  
15.893, 1.865, 0.001  
15.931, 1.862, 0.001  
15.936, 1.858, 0.001  
15.982, 1.854, 0.001  
15.988, 1.850, 0.001  
15.992, 1.846, 0.001  
16.035, 1.842, 0.001  
16.039, 1.838, 0.001  
16.044, 1.834, 0.001  
16.087, 1.830, 0.001  
16.092, 1.826, 0.001  
16.135, 1.823, 0.001  
16.140, 1.819, 0.001  
16.146, 1.815, 0.001  
16.187, 1.811, 0.001  
16.193, 1.807, 0.001  
16.238, 1.804, 0.001  
16.244, 1.800, 0.001  
16.248, 1.796, 0.001  
16.299, 1.792, 0.001  
16.304, 1.788, 0.001  
16.341, 1.785, 0.001  
16.346, 1.781, 0.001  
16.351, 1.777, 0.001  
16.394, 1.773, 0.001  
16.398, 1.770, 0.001  
16.444, 1.766, 0.001  
16.449, 1.762, 0.001  
16.455, 1.759, 0.001  
16.498, 1.755, 0.001  
16.503, 1.751, 0.001  
16.508, 1.748, 0.001  
16.547, 1.744, 0.001  
16.551, 1.740, 0.001  
16.599, 1.737, 0.001  
16.603, 1.733, 0.001  
16.615, 1.729, 0.001  
16.649, 1.726, 0.001  
16.655, 1.722, 0.001  
16.699, 1.719, 0.001  
16.707, 1.715, 0.001  
16.711, 1.711, 0.001  
16.752, 1.708, 0.001  
16.757, 1.704, 0.001  
16.802, 1.701, 0.001  
16.809, 1.697, 0.001  
16.813, 1.693, 0.001  
16.852, 1.690, 0.001  
16.857, 1.686, 0.001  
16.861, 1.683, 0.001  
16.904, 1.679, 0.001  
16.910, 1.676, 0.001  
16.965, 1.672, 0.001  
16.970, 1.669, 0.001  
16.975, 1.665, 0.001  
17.009, 1.662, 0.001  
17.014, 1.658, 0.001  
17.061, 1.655, 0.001  
17.065, 1.651, 0.001  
17.070, 1.648, 0.001  
17.114, 1.645, 0.001  
17.118, 1.641, 0.001  
17.161, 1.638, 0.001  
17.165, 1.634, 0.001  
17.171, 1.631, 0.001  
17.213, 1.627, 0.001  
17.219, 1.624, 0.001  
17.264, 1.621, 0.001  
17.269, 1.617, 0.001  
17.282, 1.614, 0.001  
17.307, 1.611, 0.001  
17.314, 1.607, 0.001  
17.320, 1.604, 0.001  
17.358, 1.600, 0.001  
17.363, 1.597, 0.001  
17.415, 1.594, 0.001  
17.420, 1.590, 0.001  
17.427, 1.587, 0.001  
17.468, 1.584, 0.001  
17.474, 1.581, 0.001  
17.520, 1.577, 0.001  
17.524, 1.574, 0.001  
17.529, 1.571, 0.001  
17.572, 1.567, 0.001  
17.577, 1.564, 0.001  
17.633, 1.561, 0.001  
17.637, 1.558, 0.001  
17.643, 1.554, 0.001  
17.672, 1.551, 0.001  
17.677, 1.548, 0.001  
17.724, 1.545, 0.001  
17.733, 1.541, 0.001  
17.737, 1.538, 0.001  
17.775, 1.535, 0.001  
17.780, 1.532, 0.001  
17.784, 1.529, 0.001  
17.828, 1.525, 0.001  
17.832, 1.522, 0.001  
17.880, 1.519, 0.001  
17.885, 1.516, 0.001  
17.892, 1.513, 0.001  
17.930, 1.510, 0.001  
17.934, 1.506, 0.001  
17.982, 1.503, 0.001  
17.987, 1.500, 0.001  
17.993, 1.497, 0.001  
18.032, 1.494, 0.001  
18.037, 1.491, 0.001  
18.082, 1.488, 0.001  
18.086, 1.485, 0.001  
18.091, 1.481, 0.001  
18.134, 1.478, 0.001  
18.139, 1.475, 0.001  
18.146, 1.472, 0.001  
18.185, 1.469, 0.001  
18.190, 1.466, 0.001  
18.236, 1.463, 0.001  
18.241, 1.460, 0.001  
18.244, 1.457, 0.001  
18.293, 1.454, 0.001  
18.299, 1.451, 0.001  
18.339, 1.448, 0.001  
18.344, 1.445, 0.001  
18.350, 1.442, 0.001  
18.389, 1.439, 0.001  
18.396, 1.436, 0.001  
18.441, 1.433, 0.001  
18.446, 1.430, 0.001  
18.452, 1.427, 0.001  
18.493, 1.424, 0.001  
18.498, 1.421, 0.001  
18.545, 1.418, 0.001  
18.550, 1.415, 0.001  
18.555, 1.412, 0.001  
18.593, 1.409, 0.001  
18.598, 1.406, 0.001  
18.603, 1.403, 0.001  
18.649, 1.400, 0.001  
18.653, 1.397, 0.001  
18.698, 1.395, 0.001  
18.704, 1.392, 0.001  
18.708, 1.389, 0.001  
18.749, 1.386, 0.001  
18.754, 1.383, 0.001  
18.810, 1.380, 0.001  
18.816, 1.377, 0.001  
18.820, 1.374, 0.001  
18.851, 1.371, 0.001  
18.856, 1.369, 0.001  
18.902, 1.366, 0.001  
18.908, 1.363, 0.001  
18.912, 1.360, 0.001  
18.965, 1.357, 0.001  
18.969, 1.354, 0.001  
19.003, 1.352, 0.001  
19.011, 1.349, 0.001  
19.016, 1.346, 0.001  
19.055, 1.343, 0.001  
19.060, 1.340, 0.001  
19.064, 1.338, 0.001  
19.108, 1.335, 0.001  
19.113, 1.332, 0.001  
19.159, 1.329, 0.001  
19.163, 1.327, 0.001  
19.170, 1.324, 0.001  
19.209, 1.321, 0.001  
19.215, 1.318, 0.001  
19.260, 1.316, 0.001  
19.268, 1.313, 0.001  
19.276, 1.310, 0.001  
19.306, 1.307, 0.001  
19.311, 1.305, 0.001  
19.364, 1.302, 0.001  
19.368, 1.299, 0.001  
19.374, 1.297, 0.001  
19.414, 1.294, 0.001  
19.419, 1.291, 0.001  
19.424, 1.289, 0.001  
19.466, 1.286, 0.001  
19.473, 1.283, 0.001  
19.519, 1.281, 0.001  
19.524, 1.278, 0.001  
19.528, 1.275, 0.001  
19.570, 1.273, 0.001  
19.575, 1.270, 0.001  
19.630, 1.267, 0.001  
19.636, 1.265, 0.001  
19.641, 1.262, 0.001  
19.671, 1.259, 0.001  
19.676, 1.257, 0.001  
19.720, 1.254, 0.001  
19.725, 1.252, 0.001  
19.730, 1.249, 0.001  
19.773, 1.246, 0.001  
19.779, 1.244, 0.001  
19.824, 1.241, 0.001  
19.829, 1.239, 0.001  
19.833, 1.236, 0.001  
19.875, 1.234, 0.001  
19.880, 1.231, 0.001  
19.884, 1.228, 0.001  
19.926, 1.226, 0.001  
19.931, 1.223, 0.001  
19.977, 1.221, 0.001  
19.983, 1.218, 0.001  
19.990, 1.216, 0.001  
20.029, 1.213, 0.001  
20.034, 1.211, 0.001  
20.082, 1.208, 0.001  
20.086, 1.206, 0.001  
20.091, 1.203, 0.001  
20.131, 1.201, 0.001  
20.136, 1.198, 0.001  
20.181, 1.196, 0.001  
20.186, 1.193, 0.001  
20.191, 1.191, 0.001  
20.232, 1.188, 0.001  
20.236, 1.186, 0.001  
20.296, 1.184, 0.001  
20.301, 1.181, 0.001  
20.307, 1.179, 0.001  
20.337, 1.176, 0.001  
20.342, 1.174, 0.001  
20.347, 1.171, 0.001  
20.387, 1.169, 0.001  
20.391, 1.167, 0.001  
20.441, 1.164, 0.001  
20.445, 1.162, 0.001  
20.452, 1.159, 0.001  
20.490, 1.157, 0.001  
20.496, 1.155, 0.001  
20.541, 1.152, 0.001  
20.547, 1.150, 0.001  
20.551, 1.147, 0.001  
20.592, 1.145, 0.001  
20.597, 1.143, 0.001  
20.644, 1.140, 0.001  
20.648, 1.138, 0.001  
20.652, 1.136, 0.001  
20.696, 1.133, 0.001  
20.701, 1.131, 0.001  
20.707, 1.129, 0.001  
20.742, 1.126, 0.001  
20.747, 1.124, 0.001  
20.795, 1.122, 0.001  
20.799, 1.119, 0.001  
20.803, 1.117, 0.001  
20.849, 1.115, 0.001  
20.854, 1.112, 0.001  
20.899, 1.110, 0.001  
20.904, 1.108, 0.001  
20.910, 1.106, 0.001  
20.952, 1.103, 0.001  
20.957, 1.101, 0.001  
21.002, 1.099, 0.001  
21.008, 1.097, 0.001  
21.013, 1.094, 0.001  
21.053, 1.092, 0.001  
21.061, 1.090, 0.001  
21.103, 1.088, 0.001  
21.108, 1.085, 0.001  
21.113, 1.083, 0.001  
21.155, 1.081, 0.001  
21.160, 1.079, 0.001  
21.164, 1.076, 0.001  
21.208, 1.074, 0.001  
21.212, 1.072, 0.001  
21.259, 1.070, 0.001  
21.273, 1.068, 0.001  
21.290, 1.065, 0.001  
21.302, 1.063, 0.001  
21.307, 1.061, 0.001  
21.352, 1.059, 0.001  
21.357, 1.057, 0.001  
21.363, 1.054, 0.001  
21.411, 1.052, 0.001  
21.416, 1.050, 0.001  
21.462, 1.048, 0.001  
21.466, 1.046, 0.001  
21.472, 1.044, 0.001  
21.514, 1.041, 0.001  
21.520, 1.039, 0.001  
21.561, 1.037, 0.001  
21.567, 1.035, 0.001  
21.572, 1.033, 0.001  
21.618, 1.031, 0.001  
21.623, 1.029, 0.001  
21.627, 1.027, 0.001  
21.669, 1.025, 0.001  
21.674, 1.022, 0.001  
21.718, 1.020, 0.001  
21.723, 1.018, 0.001  
21.728, 1.016, 0.001  
21.769, 1.014, 0.001  
21.773, 1.012, 0.001  
21.819, 1.010, 0.001  
21.824, 1.008, 0.001  
21.829, 1.006, 0.001  
21.871, 1.004, 0.001  
21.879, 1.002, 0.001  
21.933, 1.000, 0.001  
21.945, 0.997, 0.001  
21.949, 0.995, 0.001  
21.974, 0.993, 0.001  
21.979, 0.991, 0.001  
21.983, 0.989, 0.001  
22.027, 0.987, 0.001  
22.032, 0.985, 0.001  
22.075, 0.983, 0.001  
22.081, 0.981, 0.001  
22.086, 0.979, 0.001  
22.132, 0.977, 0.001  
22.136, 0.975, 0.001  
22.178, 0.973, 0.001  
22.182, 0.971, 0.001  
22.187, 0.969, 0.001  
22.229, 0.967, 0.001  
22.233, 0.965, 0.001  
22.282, 0.963, 0.001  
22.287, 0.961, 0.001  
22.292, 0.959, 0.001  
22.335, 0.957, 0.001  
22.340, 0.955, 0.001  
22.383, 0.953, 0.001  
22.389, 0.951, 0.001  
22.394, 0.950, 0.001  
22.434, 0.948, 0.001  
22.440, 0.946, 0.001  
22.444, 0.944, 0.001  
22.489, 0.942, 0.001  
22.495, 0.940, 0.001  
22.539, 0.938, 0.001  
22.543, 0.936, 0.001  
22.549, 0.934, 0.001  
22.596, 0.932, 0.001  
22.602, 0.930, 0.001  
22.641, 0.928, 0.001  
22.646, 0.926, 0.001  
22.651, 0.925, 0.001  
22.695, 0.923, 0.001  
22.700, 0.921, 0.001  
22.741, 0.919, 0.001  
22.746, 0.917, 0.001  
22.751, 0.915, 0.001  
22.793, 0.913, 0.001  
22.799, 0.911, 0.001  
22.843, 0.910, 0.001  
22.849, 0.908, 0.001  
22.853, 0.906, 0.001  
22.909, 0.904, 0.001  
22.914, 0.902, 0.001  
22.920, 0.900, 0.001  
22.949, 0.898, 0.001  
22.954, 0.897, 0.001  
22.999, 0.895, 0.001  
23.004, 0.893, 0.001  
23.011, 0.891, 0.001  
23.047, 0.889, 0.001  
23.052, 0.887, 0.001  
23.101, 0.886, 0.001  
23.107, 0.884, 0.001  
23.112, 0.882, 0.001  
23.152, 0.880, 0.001  
23.157, 0.878, 0.001  
23.212, 0.877, 0.001  
23.218, 0.875, 0.001  
23.223, 0.873, 0.001  
23.262, 0.871, 0.001  
23.275, 0.869, 0.001  
23.279, 0.868, 0.001  
23.299, 0.866, 0.001  
23.304, 0.864, 0.001  
23.356, 0.862, 0.001  
23.363, 0.861, 0.001  
23.368, 0.859, 0.001  
23.408, 0.857, 0.001  
23.413, 0.855, 0.001  
23.459, 0.854, 0.001  
23.464, 0.852, 0.001  
23.468, 0.850, 0.001  
23.510, 0.848, 0.001  
23.514, 0.847, 0.001  
23.559, 0.845, 0.001  
23.564, 0.843, 0.001  
23.571, 0.841, 0.001  
23.615, 0.840, 0.001  
23.621, 0.838, 0.001  
23.666, 0.836, 0.001  
23.671, 0.835, 0.001  
23.676, 0.833, 0.001  
23.714, 0.831, 0.001  
23.722, 0.829, 0.001  
23.727, 0.828, 0.001  
23.765, 0.826, 0.001  
23.771, 0.824, 0.001  
23.815, 0.823, 0.001  
23.820, 0.821, 0.001  
23.826, 0.819, 0.001  
23.873, 0.818, 0.001  
23.877, 0.816, 0.001  
23.919, 0.814, 0.001  
23.931, 0.813, 0.001  
23.937, 0.811, 0.001  
23.963, 0.809, 0.001  
23.968, 0.808, 0.001  
24.025, 0.806, 0.001  
24.029, 0.804, 0.001  
24.036, 0.803, 0.001  
24.073, 0.801, 0.001  
24.078, 0.800, 0.001  
24.124, 0.798, 0.001  
24.132, 0.796, 0.001  
24.136, 0.795, 0.001  
24.176, 0.793, 0.001  
24.180, 0.791, 0.001  
24.185, 0.790, 0.001  
24.226, 0.788, 0.001  
24.231, 0.787, 0.001  
24.284, 0.785, 0.001  
24.290, 0.783, 0.001  
24.295, 0.782, 0.001  
24.331, 0.780, 0.001  
24.335, 0.779, 0.001  
24.379, 0.777, 0.001  
24.383, 0.775, 0.001  
24.389, 0.774, 0.001  
24.433, 0.772, 0.001  
24.437, 0.771, 0.001  
24.483, 0.769, 0.001  
24.488, 0.768, 0.001  
24.493, 0.766, 0.001  
24.534, 0.764, 0.001  
24.539, 0.763, 0.001  
24.542, 0.761, 0.001  
24.584, 0.760, 0.001  
24.597, 0.758, 0.001  
24.634, 0.757, 0.001  
24.642, 0.755, 0.001  
24.646, 0.754, 0.001  
24.691, 0.752, 0.001  
24.696, 0.751, 0.001  
24.745, 0.749, 0.001  
24.751, 0.747, 0.001  
24.756, 0.746, 0.001  
24.792, 0.744, 0.001  
24.796, 0.743, 0.001  
24.843, 0.741, 0.001  
24.849, 0.740, 0.001  
24.854, 0.738, 0.001  
24.895, 0.737, 0.001  
24.899, 0.735, 0.001  
24.953, 0.734, 0.001  
24.960, 0.732, 0.001  
24.964, 0.731, 0.001  
25.004, 0.729, 0.001  
25.011, 0.728, 0.001  
25.016, 0.726, 0.001  
25.045, 0.725, 0.001  
25.049, 0.723, 0.001  
25.094, 0.722, 0.001  
25.099, 0.721, 0.001  
25.105, 0.719, 0.001  
25.149, 0.718, 0.001  
25.156, 0.716, 0.001  
25.201, 0.715, 0.001  
25.208, 0.713, 0.001  
25.213, 0.712, 0.001  
25.252, 0.710, 0.001  
25.265, 0.709, 0.001  
25.305, 0.707, 0.001  
25.311, 0.706, 0.001  
25.317, 0.705, 0.001  
25.353, 0.703, 0.001  
25.361, 0.702, 0.001  
25.403, 0.700, 0.001  
25.409, 0.699, 0.001  
25.413, 0.697, 0.001  
25.459, 0.696, 0.001  
25.463, 0.695, 0.001  
25.468, 0.693, 0.001  
25.509, 0.692, 0.001  
25.514, 0.690, 0.001  
25.561, 0.689, 0.001  
25.566, 0.688, 0.001  
25.572, 0.686, 0.001  
25.613, 0.685, 0.001  
25.618, 0.683, 0.001  
25.659, 0.682, 0.001  
25.667, 0.681, 0.001  
25.672, 0.679, 0.001  
25.712, 0.678, 0.001  
25.716, 0.676, 0.001  
25.763, 0.675, 0.001  
25.769, 0.674, 0.001  
25.774, 0.672, 0.001  
25.813, 0.671, 0.001  
25.818, 0.670, 0.001  
25.825, 0.668, 0.001  
25.865, 0.667, 0.001  
25.869, 0.666, 0.001  
25.917, 0.664, 0.001  
25.930, 0.663, 0.001  
25.936, 0.661, 0.001  
25.961, 0.660, 0.001  
25.965, 0.659, 0.001  
26.020, 0.657, 0.001  
26.025, 0.656, 0.001  
26.031, 0.655, 0.001  
26.070, 0.653, 0.001  
26.075, 0.652, 0.001  
26.119, 0.651, 0.001  
26.123, 0.649, 0.001  
26.128, 0.648, 0.001  
26.173, 0.647, 0.001  
26.178, 0.646, 0.001  
26.239, 0.644, 0.001  
26.243, 0.643, 0.001  
26.248, 0.642, 0.001  
26.281, 0.640, 0.001  
26.288, 0.639, 0.001  
26.293, 0.638, 0.001  
26.327, 0.636, 0.001  
26.332, 0.635, 0.001  
26.375, 0.634, 0.001  
26.382, 0.633, 0.001  
26.389, 0.631, 0.001  
26.428, 0.630, 0.001  
26.435, 0.629, 0.001  
26.480, 0.627, 0.001  
26.485, 0.626, 0.001  
26.491, 0.625, 0.001  
26.531, 0.624, 0.001  
26.536, 0.622, 0.001  
26.583, 0.621, 0.001  
26.593, 0.620, 0.001  
26.601, 0.619, 0.001  
26.625, 0.617, 0.001  
26.629, 0.616, 0.001  
26.682, 0.615, 0.001  
26.690, 0.614, 0.001  
26.695, 0.612, 0.001  
26.736, 0.611, 0.001  
26.740, 0.610, 0.001  
26.745, 0.609, 0.001  
26.788, 0.607, 0.001  
26.792, 0.606, 0.001  
26.838, 0.605, 0.001  
26.842, 0.604, 0.001  
26.848, 0.602, 0.001  
26.888, 0.601, 0.001  
26.892, 0.600, 0.001  
26.949, 0.599, 0.001  
26.956, 0.598, 0.001  
26.961, 0.596, 0.001  
26.993, 0.595, 0.001  
26.999, 0.594, 0.001  
27.044, 0.593, 0.001  
27.049, 0.592, 0.001  
27.053, 0.590, 0.001  
27.094, 0.589, 0.001  
27.099, 0.588, 0.001  
27.103, 0.587, 0.001  
27.147, 0.586, 0.001  
27.152, 0.584, 0.001  
27.196, 0.583, 0.001  
27.201, 0.582, 0.001  
27.207, 0.581, 0.001  
27.248, 0.580, 0.001  
27.253, 0.579, 0.001  
27.298, 0.577, 0.001  
27.302, 0.576, 0.001  
27.306, 0.575, 0.001  
27.350, 0.574, 0.001  
27.355, 0.573, 0.001  
27.399, 0.572, 0.001  
27.404, 0.570, 0.001  
27.410, 0.569, 0.001  
27.452, 0.568, 0.001  
27.460, 0.567, 0.001  
27.507, 0.566, 0.001  
27.511, 0.565, 0.001  
27.517, 0.563, 0.001  
27.555, 0.562, 0.001  
27.559, 0.561, 0.001  
27.564, 0.560, 0.001  
27.612, 0.559, 0.001  
27.617, 0.558, 0.001  
27.659, 0.557, 0.001  
27.664, 0.556, 0.001  
27.669, 0.554, 0.001  
27.709, 0.553, 0.001  
27.714, 0.552, 0.001  
27.760, 0.551, 0.001  
27.765, 0.550, 0.001  
27.771, 0.549, 0.001  
27.810, 0.548, 0.001  
27.815, 0.547, 0.001  
27.862, 0.546, 0.001  
27.866, 0.544, 0.001  
27.872, 0.543, 0.001  
27.913, 0.542, 0.001  
27.918, 0.541, 0.001  
27.964, 0.540, 0.001  
27.971, 0.539, 0.001  
27.977, 0.538, 0.001  
28.014, 0.537, 0.001  
28.021, 0.536, 0.001  
28.027, 0.535, 0.001  
28.067, 0.534, 0.001  
28.073, 0.532, 0.001  
28.119, 0.531, 0.001  
28.124, 0.530, 0.001  
28.130, 0.529, 0.001  
28.168, 0.528, 0.001  
28.176, 0.527, 0.001  
28.220, 0.526, 0.001  
28.225, 0.525, 0.001  
28.229, 0.524, 0.001  
28.279, 0.523, 0.001  
28.283, 0.522, 0.001  
28.331, 0.521, 0.001  
28.335, 0.520, 0.001  
28.343, 0.519, 0.001  
28.375, 0.518, 0.001  
28.380, 0.517, 0.001  
28.385, 0.516, 0.001  
28.426, 0.514, 0.001  
28.431, 0.513, 0.001  
28.477, 0.512, 0.001  
28.483, 0.511, 0.001  
28.490, 0.510, 0.001  
28.527, 0.509, 0.001  
28.532, 0.508, 0.001  
28.581, 0.507, 0.001  
28.586, 0.506, 0.001  
28.600, 0.505, 0.001  
28.622, 0.504, 0.001  
28.627, 0.503, 0.001  
28.679, 0.502, 0.001  
28.684, 0.501, 0.001  
28.693, 0.500, 0.001  
28.731, 0.499, 0.001  
28.739, 0.498, 0.001  
28.784, 0.497, 0.001  
28.788, 0.496, 0.001  
28.793, 0.495, 0.001  
28.834, 0.494, 0.001  
28.838, 0.493, 0.001  
28.843, 0.492, 0.001  
28.888, 0.491, 0.001  
28.893, 0.490, 0.001  
28.942, 0.489, 0.001  
28.948, 0.488, 0.001  
28.952, 0.487, 0.001  
28.988, 0.486, 0.001  
28.994, 0.485, 0.001  
29.038, 0.484, 0.001  
29.044, 0.483, 0.001  
29.048, 0.482, 0.001  
29.090, 0.481, 0.001  
29.095, 0.480, 0.001  
29.142, 0.479, 0.001  
29.147, 0.478, 0.001  
29.151, 0.477, 0.001  
29.194, 0.476, 0.001  
29.198, 0.476, 0.001  
29.245, 0.475, 0.001  
29.251, 0.474, 0.001  
29.263, 0.473, 0.001  
29.288, 0.472, 0.001  
29.293, 0.471, 0.001  
29.299, 0.470, 0.001  
29.347, 0.469, 0.001  
29.353, 0.468, 0.001  
29.398, 0.467, 0.001  
29.403, 0.466, 0.001  
29.408, 0.465, 0.001  
29.450, 0.464, 0.001  
29.457, 0.463, 0.001  
29.499, 0.462, 0.001  
29.506, 0.461, 0.001  
29.514, 0.460, 0.001  
29.551, 0.460, 0.001  
29.556, 0.459, 0.001  
29.612, 0.458, 0.001  
29.617, 0.457, 0.001  
29.622, 0.456, 0.001  
29.654, 0.455, 0.001  
29.660, 0.454, 0.001  
29.667, 0.453, 0.001  
29.706, 0.452, 0.001  
29.711, 0.451, 0.001  
29.756, 0.450, 0.001  
29.762, 0.449, 0.001  
29.766, 0.449, 0.001  
29.808, 0.448, 0.001  
29.813, 0.447, 0.001  
29.861, 0.446, 0.001  
29.865, 0.445, 0.001  
29.870, 0.444, 0.001  
29.911, 0.443, 0.001  
29.915, 0.442, 0.001  
29.961, 0.441, 0.001  
29.966, 0.440, 0.001  
29.972, 0.440, 0.001  
30.011, 0.439, 0.001  
30.018, 0.438, 0.001  
30.063, 0.437, 0.001  
30.067, 0.436, 0.001  
30.072, 0.435, 0.001  
30.116, 0.434, 0.001  
30.120, 0.433, 0.001  
30.124, 0.433, 0.001  
30.165, 0.432, 0.001  
30.171, 0.431, 0.001  
30.216, 0.430, 0.001  
30.222, 0.429, 0.001  
30.228, 0.428, 0.001  
30.279, 0.427, 0.001  
30.284, 0.427, 0.001  
30.321, 0.426, 0.001  
30.325, 0.425, 0.001  
30.331, 0.424, 0.001  
30.399, 0.423, 0.001  
30.404, 0.422, 0.001  
30.414, 0.421, 0.001  
30.419, 0.421, 0.001  
30.433, 0.420, 0.001  
30.474, 0.419, 0.001  
30.478, 0.418, 0.001  
30.525, 0.417, 0.001  
30.530, 0.416, 0.001  
30.535, 0.416, 0.001  
30.577, 0.415, 0.001  
30.582, 0.414, 0.001  
30.586, 0.413, 0.001  
30.628, 0.412, 0.001  
30.634, 0.411, 0.001  
30.678, 0.411, 0.001  
30.682, 0.410, 0.001  
30.689, 0.409, 0.001  
30.729, 0.408, 0.001  
30.733, 0.407, 0.001  
30.778, 0.406, 0.001  
30.784, 0.406, 0.001  
30.790, 0.405, 0.001  
30.832, 0.404, 0.001  
30.838, 0.403, 0.001  
30.883, 0.402, 0.001  
30.888, 0.402, 0.001  
30.892, 0.401, 0.001  
30.944, 0.400, 0.001  
30.949, 0.399, 0.001  
30.954, 0.398, 0.001  
30.990, 0.398, 0.001  
30.995, 0.397, 0.001  
31.037, 0.396, 0.001  
31.042, 0.395, 0.001  
31.047, 0.394, 0.001  
31.091, 0.394, 0.001  
31.095, 0.393, 0.001  
31.139, 0.392, 0.001  
31.144, 0.391, 0.001  
31.150, 0.391, 0.001  
31.191, 0.390, 0.001  
31.196, 0.389, 0.001  
31.242, 0.388, 0.001  
31.246, 0.387, 0.001  
31.252, 0.387, 0.001  
31.293, 0.386, 0.001  
31.299, 0.385, 0.001  
31.345, 0.384, 0.001  
31.350, 0.384, 0.001  
31.355, 0.383, 0.001  
31.397, 0.382, 0.001  
31.402, 0.381, 0.001  
31.407, 0.380, 0.001  
31.446, 0.380, 0.001  
31.450, 0.379, 0.001  
31.496, 0.378, 0.001  
31.503, 0.377, 0.001  
31.509, 0.377, 0.001  
31.546, 0.376, 0.001  
31.552, 0.375, 0.001  
31.604, 0.374, 0.001  
31.612, 0.374, 0.001  
31.617, 0.373, 0.001  
31.652, 0.372, 0.001  
31.658, 0.371, 0.001  
31.701, 0.371, 0.001  
31.707, 0.370, 0.001  
31.713, 0.369, 0.001  
31.753, 0.368, 0.001  
31.758, 0.368, 0.001  
31.803, 0.367, 0.001  
31.809, 0.366, 0.001  
31.814, 0.366, 0.001  
31.857, 0.365, 0.001  
31.861, 0.364, 0.001  
31.869, 0.363, 0.001  
31.908, 0.363, 0.001  
31.913, 0.362, 0.001  
31.961, 0.361, 0.001  
31.967, 0.360, 0.001  
31.973, 0.360, 0.001  
32.009, 0.359, 0.001  
32.013, 0.358, 0.001  
32.060, 0.358, 0.001  
32.066, 0.357, 0.001  
32.071, 0.356, 0.001  
32.112, 0.355, 0.001  
32.116, 0.355, 0.001  
32.163, 0.354, 0.001  
32.167, 0.353, 0.001  
32.172, 0.353, 0.001  
32.215, 0.352, 0.001  
32.220, 0.351, 0.001  
32.227, 0.351, 0.001  
32.278, 0.350, 0.001  
32.283, 0.349, 0.001  
32.316, 0.348, 0.001  
32.322, 0.348, 0.001  
32.327, 0.347, 0.001  
32.369, 0.346, 0.001  
32.373, 0.346, 0.001  
32.421, 0.345, 0.001  
32.427, 0.344, 0.001  
32.431, 0.344, 0.001  
32.471, 0.343, 0.001  
32.476, 0.342, 0.001  
32.521, 0.342, 0.001  
32.527, 0.341, 0.001  
32.532, 0.340, 0.001  
32.572, 0.340, 0.001  
32.577, 0.339, 0.001  
32.625, 0.338, 0.001  
32.630, 0.337, 0.001  
32.634, 0.337, 0.001  
32.675, 0.336, 0.001  
32.679, 0.335, 0.001  
32.683, 0.335, 0.001  
32.727, 0.334, 0.001  
32.730, 0.333, 0.001  
32.775, 0.333, 0.001  
32.779, 0.332, 0.001  
32.786, 0.331, 0.001  
32.827, 0.331, 0.001  
32.833, 0.330, 0.001  
32.878, 0.330, 0.001  
32.883, 0.329, 0.001  
32.888, 0.328, 0.001  
32.942, 0.328, 0.001  
32.948, 0.327, 0.001  
32.982, 0.326, 0.001  
32.988, 0.326, 0.001  
32.994, 0.325, 0.001  
33.033, 0.324, 0.001  
33.039, 0.324, 0.001  
33.083, 0.323, 0.001  
33.088, 0.322, 0.001  
33.092, 0.322, 0.001  
33.137, 0.321, 0.001  
33.144, 0.320, 0.001  
33.148, 0.320, 0.001  
33.192, 0.319, 0.001  
33.196, 0.319, 0.001  
33.240, 0.318, 0.001  
33.244, 0.317, 0.001  
33.250, 0.317, 0.001  
33.289, 0.316, 0.001  
33.296, 0.315, 0.001  
33.338, 0.315, 0.001  
33.343, 0.314, 0.001  
33.347, 0.314, 0.001  
33.393, 0.313, 0.001  
33.397, 0.312, 0.001  
33.443, 0.312, 0.001  
33.448, 0.311, 0.001  
33.453, 0.310, 0.001  
33.495, 0.310, 0.001  
33.499, 0.309, 0.001  
33.505, 0.309, 0.001  
33.545, 0.308, 0.001  
33.550, 0.307, 0.001  
33.612, 0.307, 0.001  
33.617, 0.306, 0.001  
33.622, 0.306, 0.001  
33.650, 0.305, 0.001  
33.655, 0.304, 0.001  
33.693, 0.304, 0.001  
